{
  "format_version": "1.9.0",
  "credit": "Made with Blockbench",
  "texture_size": [
    32,
    32
  ],
  "elements": [
    {
      "from": [
        7.75,
        3.75,
        7.75
      ],
      "to": [
        8.25,
        27.75,
        8.25
      ],
      "rotation": {
        "angle": 0,
        "axis": "y",
        "origin": [
          7,
          3.75,
          7
        ]
      },
      "faces": {
        "north": {
          "uv": [
            2,
            0,
            2.25,
            12
          ],
          "texture": "#1"
        },
        "east": {
          "uv": [
            2.5,
            0,
            2.75,
            12
          ],
          "texture": "#1"
        },
        "south": {
          "uv": [
            3,
            0,
            3.25,
            12
          ],
          "texture": "#1"
        },
        "west": {
          "uv": [
            3.5,
            0,
            3.75,
            12
          ],
          "texture": "#1"
        },
        "up": {
          "uv": [
            5.75,
            6.25,
            5.5,
            6
          ],
          "texture": "#1"
        },
        "down": {
          "uv": [
            6.25,
            5.5,
            6,
            5.75
          ],
          "texture": "#1"
        }
      }
    },
    {
      "from": [
        7.5,
        4,
        7.5
      ],
      "to": [
        8.5,
        28,
        8.5
      ],
      "rotation": {
        "angle": 0,
        "axis": "y",
        "origin": [
          7,
          4,
          7
        ]
      },
      "faces": {
        "north": {
          "uv": [
            0,
            0,
            0.5,
            12
          ],
          "texture": "#1"
        },
        "east": {
          "uv": [
            0.5,
            0,
            1,
            12
          ],
          "texture": "#1"
        },
        "south": {
          "uv": [
            1,
            0,
            1.5,
            12
          ],
          "texture": "#1"
        },
        "west": {
          "uv": [
            1.5,
            0,
            2,
            12
          ],
          "texture": "#1"
        },
        "up": {
          "uv": [
            5.5,
            4.5,
            5,
            4
          ],
          "texture": "#1"
        },
        "down": {
          "uv": [
            5.5,
            4.5,
            5,
            5
          ],
          "texture": "#1"
        }
      }
    },
    {
      "from": [
        7,
        3.5,
        7
      ],
      "to": [
        9,
        4,
        9
      ],
      "rotation": {
        "angle": 0,
        "axis": "y",
        "origin": [
          7,
          2,
          7
        ]
      },
      "faces": {
        "north": {
          "uv": [
            5,
            5,
            6,
            5.25
          ],
          "texture": "#1"
        },
        "east": {
          "uv": [
            5.5,
            4,
            6.5,
            4.25
          ],
          "texture": "1"
        },
        "south": {
          "uv": [
            5.5,
            4.5,
            6.5,
            4.75
          ],
          "texture": "#1"
        },
        "west": {
          "uv": [
            5,
            5.5,
            6,
            5.75
          ],
          "texture": "#1"
        },
        "up": {
          "uv": [
            6,
            1,
            5,
            0
          ],
          "texture": "#1"
        },
        "down": {
          "uv": [
            6,
            1,
            5,
            2
          ],
          "texture": "#1"
        }
      }
    },
    {
      "from": [
        7.4,
        -2,
        7.4
      ],
      "to": [
        8.6,
        3.5,
        8.6
      ],
      "rotation": {
        "angle": 0,
        "axis": "y",
        "origin": [
          7,
          1.5,
          7
        ]
      },
      "faces": {
        "north": {
          "uv": [
            4,
            0,
            4.5,
            2.75
          ],
          "texture": "#1"
        },
        "east": {
          "uv": [
            4,
            3,
            4.5,
            5.75
          ],
          "texture": "#1"
        },
        "south": {
          "uv": [
            4.5,
            0,
            5,
            2.75
          ],
          "texture": "#1"
        },
        "west": {
          "uv": [
            4.5,
            3,
            5,
            5.75
          ],
          "texture": "#1"
        },
        "up": {
          "uv": [
            6.5,
            0.5,
            6,
            0
          ],
          "texture": "#1"
        },
        "down": {
          "uv": [
            6.5,
            0.5,
            6,
            1
          ],
          "texture": "#1"
        }
      }
    },
    {
      "from": [
        7.1,
        2.5,
        7.1
      ],
      "to": [
        8.9,
        3,
        8.9
      ],
      "rotation": {
        "angle": 0,
        "axis": "y",
        "origin": [
          7,
          1,
          7
        ]
      },
      "faces": {
        "north": {
          "uv": [
            6,
            1,
            7,
            1.25
          ],
          "texture": "#1"
        },
        "east": {
          "uv": [
            6,
            1.5,
            7,
            1.75
          ],
          "texture": "#1"
        },
        "south": {
          "uv": [
            6,
            2,
            7,
            2.25
          ],
          "texture": "#1"
        },
        "west": {
          "uv": [
            6,
            2.5,
            7,
            2.75
          ],
          "texture": "#1"
        },
        "up": {
          "uv": [
            6,
            3,
            5,
            2
          ],
          "texture": "#1"
        },
        "down": {
          "uv": [
            6,
            3,
            5,
            4
          ],
          "texture": "#1"
        }
      }
    },
    {
      "from": [
        7.5,
        -2.15,
        7.5
      ],
      "to": [
        8.5,
        -2,
        8.5
      ],
      "rotation": {
        "angle": 0,
        "axis": "y",
        "origin": [
          7,
          -4,
          7
        ]
      },
      "faces": {
        "north": {
          "uv": [
            4,
            6,
            4.5,
            6.25
          ],
          "texture": "#1"
        },
        "east": {
          "uv": [
            4.5,
            6,
            5,
            6.25
          ],
          "texture": "#1"
        },
        "south": {
          "uv": [
            5,
            6,
            5.5,
            6.25
          ],
          "texture": "#1"
        },
        "west": {
          "uv": [
            6,
            5,
            6.5,
            5.25
          ],
          "texture": "#1"
        },
        "up": {
          "uv": [
            6.5,
            3.5,
            6,
            3
          ],
          "texture": "#1"
        },
        "down": {
          "uv": [
            6.5,
            3.5,
            6,
            4
          ],
          "texture": "#1"
        }
      }
    },
    {
      "from": [
        7.4,
        0.5,
        8.6
      ],
      "to": [
        8,
        1,
        8.8
      ],
      "rotation": {
        "angle": 0,
        "axis": "y",
        "origin": [
          7.4,
          0.5,
          8.6
        ]
      },
      "faces": {
        "north": {
          "uv": [
            4.5,
            1.25,
            4.7375,
            1.5
          ],
          "texture": "#1"
        },
        "east": {
          "uv": [
            4.5,
            1.25,
            4.6,
            1.5
          ],
          "texture": "#1"
        },
        "south": {
          "uv": [
            4.5,
            1.25,
            4.7375,
            1.5
          ],
          "texture": "#1"
        },
        "west": {
          "uv": [
            4.5,
            1.25,
            4.6,
            1.5
          ],
          "texture": "#1"
        },
        "up": {
          "uv": [
            4.5,
            1.25,
            4.7375,
            1.35
          ],
          "texture": "#1"
        },
        "down": {
          "uv": [
            4.5,
            1.25,
            4.7375,
            1.35
          ],
          "texture": "#1"
        }
      }
    }
  ],
  "display": {
    "thirdperson_righthand": {
      "translation": [
        0,
        5.5,
        0
      ]
    },
    "thirdperson_lefthand": {
      "translation": [
        0,
        5.5,
        0
      ]
    },
    "firstperson_righthand": {
      "translation": [
        2.5,
        6,
        0
      ],
      "scale": [
        0.7,
        0.7,
        0.7
      ]
    },
    "firstperson_lefthand": {
      "translation": [
        2.5,
        6,
        0
      ],
      "scale": [
        0.7,
        0.7,
        0.7
      ]
    },
    "ground": {
      "translation": [
        0,
        6,
        0
      ]
    },
    "gui": {
      "rotation": [
        51.5,
        26.25,
        -46.94
      ],
      "translation": [
        -2,
        -2,
        0
      ]
    },
    "fixed": {
      "rotation": [
        172.75,
        -3,
        -180
      ]
    }
  }
}