{
  "format_version": "1.9.0",
  "credit": "Made with Blockbench",
  "parent": "item/handheld",
  "texture_size": [
    2,
    1
  ],
  "elements": [
    {
      "from": [
        7,
        0,
        7
      ],
      "to": [
        8,
        1,
        8
      ],
      "rotation": {
        "angle": 0,
        "axis": "y",
        "origin": [
          7,
          0,
          7
        ]
      },
      "faces": {
        "north": {
          "uv": [
            0,
            0,
            8,
            16
          ],
          "texture": "#0"
        },
        "east": {
          "uv": [
            0,
            0,
            8,
            16
          ],
          "texture": "#0"
        },
        "south": {
          "uv": [
            0,
            0,
            8,
            16
          ],
          "texture": "#0"
        },
        "west": {
          "uv": [
            0,
            0,
            8,
            16
          ],
          "texture": "#0"
        },
        "up": {
          "uv": [
            0,
            0,
            8,
            16
          ],
          "texture": "#0"
        },
        "down": {
          "uv": [
            0,
            0,
            8,
            16
          ],
          "texture": "#0"
        }
      }
    },
    {
      "from": [
        7.85,
        0,
        8.45
      ],
      "to": [
        8.85,
        1,
        9.45
      ],
      "rotation": {
        "angle": 45,
        "axis": "y",
        "origin": [
          7.85,
          0,
          8.45
        ]
      },
      "faces": {
        "north": {
          "uv": [
            8,
            0,
            16,
            16
          ],
          "texture": "#0"
        },
        "east": {
          "uv": [
            8,
            0,
            16,
            16
          ],
          "texture": "#0"
        },
        "south": {
          "uv": [
            8,
            0,
            16,
            16
          ],
          "texture": "#0"
        },
        "west": {
          "uv": [
            8,
            0,
            16,
            16
          ],
          "texture": "#0"
        },
        "up": {
          "uv": [
            8,
            0,
            16,
            16
          ],
          "texture": "#0"
        },
        "down": {
          "uv": [
            8,
            0,
            16,
            16
          ],
          "texture": "#0"
        }
      }
    }
  ],
  "display": {
    "thirdperson_righthand": {
      "translation": [
        0,
        8,
        1.75
      ]
    },
    "thirdperson_lefthand": {
      "translation": [
        0,
        8,
        1.75
      ]
    },
    "firstperson_righthand": {
      "translation": [
        0,
        9,
        0
      ]
    },
    "firstperson_lefthand": {
      "translation": [
        0,
        9,
        0
      ]
    },
    "ground": {
      "translation": [
        0,
        7,
        0
      ]
    },
    "gui": {
      "rotation": [
        -90,
        0,
        0
      ],
      "translation": [
        0.75,
        0.25,
        0
      ],
      "scale": [
        4,
        4,
        4
      ]
    },
    "head": {
      "translation": [
        0,
        14.5,
        0
      ]
    },
    "fixed": {
      "rotation": [
        -90,
        0,
        0
      ],
      "translation": [
        0,
        -0.25,
        -30.75
      ],
      "scale": [
        4,
        4,
        4
      ]
    }
  }
}