{
  "lightsaber_ignition": {
    "sounds": [
      {
        "name": "tax_future_citizen:lightsaber_ignition",
        "stream": false
      }
    ]
  },
  "lightsaber_swing": {
    "sounds": [
      {
        "name": "tax_future_citizen:lightsaber_swing",
        "stream": false
      }
    ]
  },
  "flux_catalyst": {
    "sounds": [
      {
        "name": "tax_future_citizen:flux_catalyst",
        "stream": false
      }
    ]
  },
  "jet_pack_sound": {
    "sounds": [
      {
        "name": "tax_future_citizen:jet_pack_sound",
        "stream": false
      }
    ]
  },
  "jet_pack_sound_2": {
    "sounds": [
      {
        "name": "tax_future_citizen:jet_pack_sound_2",
        "stream": false
      }
    ]
  },
  "computer_villager": {
    "sounds": [
      {
        "name": "tax_future_citizen:computer_villager_sound",
        "stream": false
      }
    ]
  }
}