{
  "loader": "forge:separate_transforms",
  "gui_light": "front",
  "base": {
    "parent": "tax_future_citizen:custom/lightsaber_white",
    "textures": {
      "1": "tax_future_citizen:block/lightsaber_white",
      "particle": "tax_future_citizen:item/lightsaber_white_item"
    }
  },
  "perspectives": {
    "gui": {
      "parent": "item/generated",
      "textures": {
        "layer0": "tax_future_citizen:item/lightsaber_white_item"
      }
    },
    "fixed": {
      "parent": "item/generated",
      "textures": {
        "layer0": "tax_future_citizen:item/lightsaber_white_item"
      }
    },
    "ground": {
      "parent": "item/generated",
      "textures": {
        "layer0": "tax_future_citizen:item/lightsaber_white_item"
      }
    }
  }
}